Type 1,Type 2,Total,HP,Attack,Defense,Sp. Atk,Sp. Def,Speed,Tier
Grass,Poison,318,45,49,49,65,65,45,4
Grass,Poison,405,60,62,63,80,80,60,3
Grass,Poison,525,80,82,83,100,100,80,2
Fire,,309,39,52,43,60,50,65,4
Fire,,405,58,64,58,80,65,80,3
Fire,Flying,534,78,84,78,109,85,100,2
Water,,314,44,48,65,50,64,43,4
Water,,405,59,63,80,65,80,58,3
Water,,530,79,83,100,85,105,78,1
Bug,,195,45,30,35,20,20,45,6
Bug,,205,50,20,55,25,25,30,6
Bug,Flying,395,60,45,50,90,80,70,4
Bug,Poison,195,40,35,30,20,20,50,6
Bug,Poison,205,45,25,50,25,25,35,6
Bug,Poison,395,65,90,40,45,80,75,4
Normal,Flying,251,40,45,40,35,35,56,5
Normal,Flying,349,63,60,55,50,50,71,4
Normal,Flying,479,83,80,75,70,70,101,3
Normal,,253,30,56,35,25,35,72,5
Normal,,413,55,81,60,50,70,97,3
Normal,Flying,262,40,60,30,31,31,70,4
Normal,Flying,442,65,90,65,61,61,100,3
Poison,,288,35,60,44,40,54,55,5
Poison,,438,60,85,69,65,79,80,3
Electric,,320,35,55,40,50,50,90,3
Electric,,485,60,90,55,90,80,110,2
Ground,,300,50,75,85,20,30,40,4
Ground,,450,75,100,110,45,55,65,3
Poison,,275,55,47,52,40,40,41,5
Poison,,365,70,62,67,55,55,56,3
Poison,Ground,505,90,92,87,75,85,76,2
Poison,,273,46,57,40,40,40,50,5
Poison,,365,61,72,57,55,55,65,3
Poison,Ground,505,81,102,77,85,75,85,2
Fairy,,323,70,45,48,60,65,35,5
Fairy,,483,95,70,73,95,90,60,3
Fire,,299,38,41,40,50,65,65,4
Fire,,505,73,76,75,81,100,100,2
Normal,Fairy,270,115,45,20,45,25,20,5
Normal,Fairy,435,140,70,45,85,50,45,3
Poison,Flying,245,40,45,35,30,40,55,5
Poison,Flying,455,75,80,70,65,75,90,3
Grass,Poison,320,45,50,55,75,65,30,5
Grass,Poison,395,60,65,70,85,75,40,3
Grass,Poison,490,75,80,85,110,90,50,3
Bug,Grass,285,35,70,55,45,55,25,6
Bug,Grass,405,60,95,80,60,80,30,4
Bug,Poison,305,60,55,50,40,55,45,5
Bug,Poison,450,70,65,60,90,75,90,3
Ground,,265,10,55,25,35,45,95,5
Ground,,405,35,80,50,50,70,120,4
Normal,,290,40,45,35,40,40,90,5
Normal,,440,65,70,60,65,65,115,3
Water,,320,50,52,48,65,50,55,5
Water,,500,80,82,78,95,80,85,2
Fighting,,305,40,80,35,35,45,70,4
Fighting,,455,65,105,60,60,70,95,3
Fire,,350,55,70,45,70,50,60,3
Fire,,555,90,110,80,100,80,95,1
Water,,300,40,50,40,40,40,90,5
Water,,385,65,65,65,50,50,90,4
Water,Fighting,510,90,95,95,70,90,70,1
Psychic,,310,25,20,15,105,55,90,4
Psychic,,400,40,35,30,120,70,105,3
Psychic,,500,55,50,45,135,95,120,2
Fighting,,305,70,80,50,35,35,35,5
Fighting,,405,80,100,70,50,60,45,3
Fighting,,505,90,130,80,65,85,55,1
Grass,Poison,300,50,75,35,70,30,40,6
Grass,Poison,390,65,90,50,85,45,55,4
Grass,Poison,490,80,105,65,100,70,70,3
Water,Poison,335,40,40,35,50,100,70,5
Water,Poison,515,80,70,65,80,120,100,2
Rock,Ground,300,40,80,100,30,30,20,6
Rock,Ground,390,55,95,115,45,45,35,5
Rock,Ground,495,80,120,130,55,65,45,3
Fire,,410,50,85,55,65,65,90,4
Fire,,500,65,100,70,80,80,105,2
Water,Psychic,315,90,65,65,40,40,15,4
Water,Psychic,490,95,75,110,100,80,30,3
Electric,Steel,325,25,35,70,95,55,45,4
Electric,Steel,465,50,60,95,120,70,70,3
Normal,Flying,352,52,65,55,58,62,60,4
Normal,Flying,310,35,85,45,35,35,75,5
Normal,Flying,460,60,110,70,60,60,100,3
Water,,325,65,45,55,45,70,45,4
Water,Ice,475,90,70,80,70,95,70,2
Poison,,325,80,80,50,40,50,25,5
Poison,,500,105,105,75,65,100,50,2
Water,,305,30,65,100,45,25,40,4
Water,Ice,525,50,95,180,85,45,70,1
Ghost,Poison,310,30,35,30,100,35,80,5
Ghost,Poison,405,45,50,45,115,55,95,3
Ghost,Poison,500,60,65,60,130,75,110,2
Rock,Ground,385,35,45,160,30,45,70,4
Psychic,,328,60,48,45,43,90,42,4
Psychic,,483,85,73,70,73,115,67,3
Water,,325,30,105,90,25,25,50,4
Water,,475,55,130,115,50,50,75,2
Electric,,330,40,30,50,55,55,100,4
Electric,,480,60,50,70,80,80,140,3
Grass,Psychic,325,60,40,80,60,45,40,6
Grass,Psychic,520,95,95,85,125,65,55,4
Ground,,320,50,50,95,40,50,35,4
Ground,,425,60,80,110,50,80,45,2
Fighting,,455,50,120,53,35,110,87,3
Fighting,,455,50,105,79,35,110,76,2
Normal,,385,90,55,75,60,75,30,3
Poison,,340,40,65,95,60,45,35,4
Poison,,490,65,90,120,85,70,60,2
Ground,Rock,345,80,85,95,30,30,25,5
Ground,Rock,485,105,130,120,45,45,40,4
Normal,,450,250,5,5,35,105,50,3
Grass,,435,65,55,115,100,40,60,3
Normal,,490,105,95,80,40,80,90,2
Water,,295,30,40,70,70,25,60,5
Water,,440,55,65,95,95,45,85,3
Water,,320,45,67,60,35,50,63,4
Water,,450,80,92,65,65,80,68,3
Water,,340,30,45,55,70,55,85,3
Water,Psychic,520,60,75,85,100,85,115,2
Psychic,Fairy,460,40,45,65,100,120,90,3
Bug,Flying,500,70,110,80,55,80,105,1
Ice,Psychic,455,65,50,35,115,95,95,4
Electric,,490,65,83,57,95,85,105,2
Fire,,495,65,95,57,100,85,93,2
Bug,,500,65,125,100,55,70,85,2
Normal,,490,75,100,95,40,70,110,2
Water,,200,20,10,55,15,20,80,6
Water,Flying,540,95,125,79,60,100,81,1
Water,Ice,535,130,85,80,85,95,60,1
Normal,,288,48,48,48,48,48,48,5
Normal,,325,55,55,50,45,65,55,4
Water,,525,130,65,60,110,95,65,1
Electric,,525,65,65,60,110,95,130,1
Fire,,525,65,130,60,95,110,65,1
Normal,,395,65,60,70,85,75,40,3
Rock,Water,355,35,40,100,90,55,35,4
Rock,Water,495,70,60,125,115,70,55,3
Rock,Water,355,30,80,90,55,45,55,4
Rock,Water,495,60,115,105,65,70,80,3
Rock,Flying,515,80,105,65,60,75,130,2
Normal,,540,160,110,65,65,110,30,1
Ice,Flying,580,90,85,100,95,125,85,1
Electric,Flying,580,90,90,85,125,90,100,1
Fire,Flying,580,90,100,90,125,85,90,1
Dragon,,300,41,64,45,50,50,50,5
Dragon,,420,61,84,65,70,70,70,3
Dragon,Flying,600,91,134,95,100,100,80,1
Psychic,,680,106,110,90,154,90,130,1
Psychic,,600,100,100,100,100,100,100,1
Grass,,318,45,49,65,49,65,45,5
Grass,,405,60,62,80,63,80,60,3
Grass,,525,80,82,100,83,100,80,2
Fire,,309,39,52,43,60,50,65,4
Fire,,405,58,64,58,80,65,80,3
Fire,,534,78,84,78,109,85,100,2
Water,,314,50,65,64,44,48,43,4
Water,,405,65,80,80,59,63,58,3
Water,,530,85,105,100,79,83,78,1
Normal,,215,35,46,34,35,45,20,6
Normal,,415,85,76,64,45,55,90,4
Normal,Flying,262,60,30,30,36,56,50,6
Normal,Flying,442,100,50,50,76,96,70,4
Bug,Flying,265,40,20,30,40,80,55,6
Bug,Flying,390,55,35,50,55,110,85,5
Bug,Poison,250,40,60,40,40,40,30,6
Bug,Poison,390,70,90,70,60,60,40,4
Poison,Flying,535,85,90,80,70,80,130,1
Water,Electric,330,75,38,38,56,56,67,5
Water,Electric,460,125,58,58,76,76,67,3
Electric,,205,20,40,15,35,35,60,6
Fairy,,218,50,25,28,45,55,15,6
Normal,Fairy,210,90,30,15,40,20,15,6
Fairy,,245,35,20,65,40,65,20,5
Fairy,Flying,405,55,40,85,80,105,40,4
Psychic,Flying,320,40,50,45,70,45,70,5
Psychic,Flying,470,65,75,70,95,70,95,3
Electric,,280,55,40,40,65,45,35,6
Electric,,365,70,55,55,80,60,45,4
Electric,,510,90,75,85,115,90,55,2
Grass,,490,75,80,95,90,100,50,2
Water,Fairy,250,70,20,50,20,50,40,6
Water,Fairy,420,100,50,80,60,80,50,3
Rock,,410,70,100,115,30,65,30,3
Water,,500,90,75,75,90,100,70,2
Grass,Flying,250,35,35,40,35,55,50,6
Grass,Flying,340,55,45,50,45,65,80,5
Grass,Flying,460,75,55,70,55,95,110,3
Normal,,360,55,70,55,40,55,85,4
Grass,,180,30,30,30,30,30,30,6
Grass,,425,75,75,55,105,85,30,4
Bug,Flying,390,65,65,45,75,45,95,5
Water,Ground,210,55,45,45,25,25,15,6
Water,Ground,430,95,85,85,65,65,35,4
Psychic,,525,65,65,60,130,95,110,2
Dark,,525,95,65,110,60,130,65,2
Dark,Flying,405,60,85,42,85,42,91,3
Water,Psychic,490,95,75,80,100,110,30,2
Ghost,,435,60,60,60,85,85,85,4
Psychic,,336,48,72,48,72,48,48,6
Psychic,,405,190,33,58,33,58,33,3
Normal,Psychic,455,70,80,65,90,65,85,3
Bug,,290,50,65,90,35,35,15,6
Bug,Steel,465,75,90,140,60,60,40,2
Normal,,415,100,70,70,65,65,45,4
Ground,Flying,430,65,75,105,35,65,85,3
Steel,Ground,510,75,85,200,55,65,30,2
Fairy,,300,60,80,50,40,40,30,5
Fairy,,450,90,120,75,60,60,45,3
Water,Poison,430,65,95,75,55,55,85,3
Bug,Steel,500,70,130,100,55,80,65,1
Bug,Rock,505,20,10,230,10,230,5,3
Bug,Fighting,500,80,125,75,40,95,85,3
Dark,Ice,430,55,95,55,35,75,115,4
Normal,,330,60,80,50,50,50,40,4
Normal,,500,90,130,75,75,75,55,2
Fire,,250,40,40,40,70,40,20,6
Fire,Rock,410,50,50,120,80,80,30,5
Ice,Ground,250,50,50,40,30,30,50,6
Ice,Ground,450,100,100,80,60,60,50,5
Water,Rock,380,55,55,85,65,85,35,5
Water,,300,35,65,35,65,35,65,5
Water,,480,75,105,75,105,75,45,3
Ice,Flying,330,45,55,45,65,45,75,5
Water,Flying,465,65,40,70,80,140,70,3
Steel,Flying,465,65,80,140,40,70,70,3
Dark,Fire,330,45,60,30,80,50,65,4
Dark,Fire,500,75,90,50,110,80,95,2
Water,Dragon,540,75,95,95,95,95,85,1
Ground,,330,90,60,60,40,40,40,4
Ground,,500,90,120,120,60,60,50,2
Normal,,515,85,80,90,105,95,60,2
Normal,,465,73,95,62,85,65,85,3
Normal,,250,55,20,35,20,45,75,6
Fighting,,210,35,35,35,35,35,35,6
Fighting,,455,50,95,95,35,110,70,3
Ice,Psychic,305,45,30,15,85,65,65,5
Electric,,360,45,63,37,65,55,95,4
Fire,,365,45,75,37,70,55,83,4
Normal,,490,95,80,105,40,70,100,2
Normal,,540,255,10,10,75,135,55,2
Electric,,580,90,85,75,115,100,115,1
Fire,,580,115,115,85,90,75,100,1
Water,,580,100,75,115,90,115,85,1
Rock,Ground,300,50,64,50,45,50,41,5
Rock,Ground,410,70,84,70,65,70,51,4
Rock,Dark,600,100,134,110,95,100,61,2
Psychic,Flying,680,106,90,130,90,154,110,1
Fire,Flying,680,106,130,90,110,154,90,1
Psychic,Grass,600,100,100,100,100,100,100,2
Grass,,310,40,45,35,65,55,70,5
Grass,,405,50,65,45,85,65,95,3
Grass,,530,70,85,65,105,85,120,2
Fire,,310,45,60,40,70,50,45,5
Fire,Fighting,405,60,85,60,85,60,55,3
Fire,Fighting,530,80,120,70,110,70,80,1
Water,,310,50,70,50,50,50,40,5
Water,Ground,405,70,85,70,60,70,50,3
Water,Ground,535,100,110,90,85,90,60,2
Dark,,220,35,55,35,30,30,35,5
Dark,,420,70,90,70,60,60,70,3
Normal,,240,38,30,41,30,41,60,5
Normal,,420,78,70,61,50,61,100,3
Bug,,195,45,45,35,20,30,20,6
Bug,,205,50,35,55,25,25,15,5
Bug,Flying,395,60,70,50,100,50,65,4
Bug,,205,50,35,55,25,25,15,6
Bug,Poison,385,60,50,70,50,90,65,4
Water,Grass,220,40,30,30,40,50,30,5
Water,Grass,340,60,50,50,60,70,50,4
Water,Grass,480,80,70,70,90,100,70,3
Grass,,220,40,40,50,30,30,30,5
Grass,Dark,340,70,70,40,60,40,60,4
Grass,Dark,480,90,100,60,90,60,80,3
Normal,Flying,270,40,55,30,30,30,85,5
Normal,Flying,430,60,85,60,50,50,125,3
Water,Flying,270,40,30,30,55,30,85,5
Water,Flying,430,60,50,100,85,70,65,3
Psychic,Fairy,198,28,25,25,45,35,40,6
Psychic,Fairy,278,38,35,35,65,55,50,5
Psychic,Fairy,518,68,65,65,125,115,80,2
Bug,Water,269,40,30,32,50,52,65,5
Bug,Flying,414,70,60,62,80,82,60,4
Grass,,295,60,40,60,40,60,35,5
Grass,Fighting,460,60,130,80,60,60,70,3
Normal,,280,60,60,60,35,35,30,6
Normal,,440,80,80,80,55,55,90,3
Normal,,670,150,160,100,95,65,100,2
Bug,Ground,266,31,45,90,30,30,40,6
Bug,Flying,456,61,90,45,50,50,160,3
Bug,Ghost,236,1,90,45,30,30,40,3
Normal,,240,64,51,23,51,23,28,5
Normal,,360,84,71,43,71,43,48,4
Normal,,490,104,91,63,91,73,68,3
Fighting,,237,72,60,30,20,30,25,5
Fighting,,474,144,120,60,40,60,50,2
Normal,Fairy,190,50,20,40,20,40,20,6
Rock,,375,30,45,135,45,90,30,4
Normal,,260,50,45,45,35,35,50,5
Normal,,380,70,65,65,55,55,70,4
Dark,Ghost,380,50,75,75,65,65,50,4
Steel,Fairy,380,50,85,85,55,55,50,4
Steel,Rock,330,50,70,100,40,40,30,4
Steel,Rock,430,60,90,140,50,50,40,3
Steel,Rock,530,70,110,180,60,60,50,2
Fighting,Psychic,280,30,40,55,40,55,60,5
Fighting,Psychic,410,60,60,75,60,75,80,3
Electric,,295,40,45,40,65,40,65,5
Electric,,475,70,75,60,105,60,105,3
Electric,,405,60,50,40,85,75,95,4
Electric,,405,60,40,50,75,85,95,4
Bug,,400,65,73,55,47,75,85,4
Bug,,400,65,47,55,73,75,85,4
Grass,Poison,400,50,60,45,100,80,65,3
Poison,,302,70,43,53,43,53,40,5
Poison,,467,100,73,83,73,83,55,3
Water,Dark,305,45,90,20,65,20,65,5
Water,Dark,460,70,120,40,95,40,95,3
Water,,400,130,70,35,70,35,60,3
Water,,500,170,90,45,90,45,60,2
Fire,Ground,305,60,60,40,65,45,35,5
Fire,Ground,460,70,100,70,105,75,40,3
Fire,,470,70,85,140,85,70,20,2
Psychic,,330,60,25,35,70,80,60,4
Psychic,,470,80,45,65,90,110,80,3
Normal,,360,60,60,60,60,60,60,5
Ground,,290,45,100,45,45,45,10,5
Ground,Dragon,340,50,70,50,50,50,70,4
Ground,Dragon,520,80,100,80,80,80,100,2
Grass,,335,50,85,40,85,40,35,4
Grass,Dark,475,70,115,60,115,60,55,3
Normal,Flying,310,45,40,60,40,75,50,4
Dragon,Flying,490,75,70,90,70,105,80,2
Normal,,458,73,115,60,60,60,90,3
Poison,,458,73,100,60,100,60,65,3
Rock,Psychic,440,70,55,65,95,85,70,3
Rock,Psychic,440,70,95,85,55,65,70,3
Water,Ground,288,50,48,43,46,41,60,5
Water,Ground,468,110,78,73,76,71,60,3
Water,,308,43,80,65,50,35,35,5
Water,Dark,468,63,120,85,90,55,55,3
Ground,Psychic,300,40,40,55,40,70,55,4
Ground,Psychic,500,60,70,105,70,120,75,2
Rock,Grass,355,66,41,77,61,87,23,4
Rock,Grass,495,86,81,97,81,107,43,3
Rock,Bug,355,45,95,50,40,50,75,4
Rock,Bug,495,75,125,100,70,80,45,2
Water,,200,20,15,20,10,55,80,6
Water,,540,95,60,79,100,125,81,1
Normal,,420,70,70,70,70,70,70,4
Normal,,440,60,90,70,60,120,40,3
Ghost,,295,44,75,35,63,33,45,5
Ghost,,455,64,115,65,83,63,65,3
Ghost,,295,20,40,90,30,90,25,5
Ghost,,455,40,70,130,60,130,25,3
Grass,Flying,460,99,68,83,72,87,51,3
Psychic,,425,65,50,70,95,80,65,3
Dark,,465,65,130,60,75,60,75,3
Psychic,,260,95,23,48,23,48,23,6
Ice,,300,50,50,50,50,50,50,5
Ice,,480,80,80,80,80,80,80,4
Ice,Water,290,70,40,50,55,50,25,5
Ice,Water,410,90,60,70,75,70,45,4
Ice,Water,530,110,80,90,95,90,65,2
Water,,345,35,64,85,74,55,32,5
Water,,485,55,104,105,94,75,52,3
Water,,485,55,84,105,114,75,52,3
Water,Rock,485,100,90,130,45,65,55,3
Water,,330,43,30,55,40,65,97,5
Dragon,,300,45,75,60,40,30,50,5
Dragon,,420,65,95,100,60,50,50,3
Dragon,Flying,600,95,135,80,110,80,100,1
Steel,Psychic,300,40,55,80,35,60,30,4
Steel,Psychic,420,60,75,100,55,80,50,3
Steel,Psychic,600,80,135,130,95,90,70,1
Rock,,580,80,100,200,50,100,50,1
Ice,,580,80,50,100,100,200,50,1
Steel,,580,80,75,150,75,150,50,1
Dragon,Psychic,600,80,80,90,110,130,110,1
Dragon,Psychic,600,80,90,80,130,110,110,1
Water,,670,100,100,90,150,140,90,1
Ground,,670,100,150,140,100,90,90,1
Dragon,Flying,680,105,150,90,150,90,95,1
Steel,Psychic,600,100,100,100,100,100,100,1
Psychic,,600,50,150,50,150,50,150,1
Psychic,,600,50,180,20,180,20,150,1
Psychic,,600,50,70,160,70,160,90,1
Psychic,,600,50,95,90,95,90,180,1
Grass,,318,55,68,64,45,55,31,5
Grass,,405,75,89,85,55,65,36,4
Grass,Ground,525,95,109,105,75,85,56,2
Fire,,309,44,58,44,58,44,61,5
Fire,Fighting,405,64,78,52,78,52,81,4
Fire,Fighting,534,76,104,71,104,71,108,1
Water,,314,53,51,53,61,56,40,5
Water,,405,64,66,68,81,76,50,3
Water,Steel,530,84,86,88,111,101,60,1
Normal,Flying,245,40,55,30,30,30,60,6
Normal,Flying,340,55,75,50,40,40,80,4
Normal,Flying,485,85,120,70,50,60,100,2
Normal,,250,59,45,40,35,40,31,6
Normal,Water,410,79,85,60,55,60,71,4
Bug,,194,37,25,41,25,41,25,6
Bug,,384,77,85,51,55,51,65,4
Electric,,263,45,65,34,40,34,45,5
Electric,,363,60,85,49,60,49,60,4
Electric,,523,80,120,79,95,79,70,2
Grass,Poison,280,40,30,35,50,70,55,6
Grass,Poison,515,60,70,65,125,105,90,2
Rock,,350,67,125,40,30,30,58,4
Rock,,495,97,165,60,65,50,58,2
Rock,Steel,350,30,42,118,42,88,30,5
Rock,Steel,495,60,52,168,47,138,30,4
Bug,,224,40,29,45,29,45,36,6
Bug,Grass,424,60,59,85,79,105,36,4
Bug,Ground,424,60,79,105,59,85,36,4
Bug,Steel,424,60,69,95,69,95,36,3
Bug,Flying,424,70,94,50,94,50,66,4
Bug,Flying,244,30,30,42,30,42,70,6
Bug,Flying,474,70,80,102,80,102,40,4
Electric,,405,60,45,70,45,90,95,4
Water,,330,55,65,35,60,30,85,5
Water,,495,85,105,55,85,50,115,2
Grass,,275,45,35,45,62,53,35,6
Grass,,450,70,60,70,87,78,85,3
Water,,325,76,48,48,57,62,34,4
Water,Ground,475,111,83,68,92,82,39,3
Normal,,482,75,100,66,60,66,115,2
Ghost,Flying,348,90,50,34,60,44,70,4
Ghost,Flying,498,150,80,44,90,54,80,2
Normal,,350,55,66,44,44,56,85,4
Normal,,480,65,76,84,54,96,105,3
Ghost,,495,60,60,60,105,105,105,2
Dark,Flying,505,100,125,52,105,52,71,2
Normal,,310,49,55,42,42,37,85,4
Normal,,452,71,82,64,64,59,112,3
Psychic,,285,45,30,50,65,50,45,6
Poison,Dark,329,63,63,47,41,41,74,5
Poison,Dark,479,103,93,67,71,61,84,3
Steel,Psychic,300,57,24,86,24,86,23,4
Steel,Psychic,500,67,89,116,79,116,33,2
Rock,,290,50,80,95,10,45,10,6
Psychic,Fairy,310,20,25,45,70,90,60,5
Normal,,220,100,5,5,15,65,30,6
Normal,Flying,411,76,65,45,92,42,91,4
Ghost,Dark,485,50,92,108,92,108,35,2
Dragon,Ground,300,58,70,45,40,45,42,5
Dragon,Ground,410,68,90,65,50,55,82,3
Dragon,Ground,600,108,130,95,80,85,102,1
Normal,,390,135,85,40,40,85,5,4
Fighting,,285,40,70,40,35,40,60,5
Fighting,Steel,525,70,110,70,115,70,90,2
Ground,,330,68,72,78,38,42,32,4
Ground,,525,108,112,118,68,72,47,2
Poison,Bug,330,40,50,90,30,55,65,5
Poison,Dark,500,70,90,110,60,75,95,2
Poison,Fighting,300,48,61,40,61,40,50,5
Poison,Fighting,490,83,106,65,86,65,85,2
Grass,,454,74,100,72,90,72,46,3
Water,,330,49,49,56,49,61,66,5
Water,,460,69,69,76,69,86,91,3
Water,Flying,345,45,20,50,60,120,50,5
Grass,Ice,334,60,62,50,62,60,40,6
Grass,Ice,494,90,92,75,92,85,60,4
Dark,Ice,510,70,120,65,45,85,125,3
Electric,Steel,535,70,70,115,130,90,60,2
Normal,,515,110,85,95,80,95,50,2
Ground,Rock,535,115,140,130,55,55,40,3
Grass,,535,100,100,125,110,50,50,1
Electric,,540,75,123,67,95,85,95,1
Fire,,540,75,95,67,125,95,83,1
Fairy,Flying,545,85,50,95,120,115,80,1
Bug,Flying,515,86,76,86,116,56,95,2
Grass,,525,65,110,130,60,65,95,2
Ice,,525,65,60,110,130,95,65,2
Ground,Flying,510,75,95,125,45,75,95,2
Ice,Ground,530,110,130,80,70,60,80,2
Normal,,535,85,80,70,135,75,90,2
Psychic,Fighting,518,68,125,65,65,115,80,2
Rock,Steel,525,60,55,145,75,150,40,1
Ghost,,525,45,100,135,65,135,45,1
Ice,Ghost,480,70,80,70,80,70,110,3
Electric,Ghost,440,50,50,77,95,77,91,3
Electric,Fire,520,50,65,107,105,107,86,3
Electric,Water,520,50,65,107,105,107,86,2
Electric,Ice,520,50,65,107,105,107,86,3
Electric,Flying,520,50,65,107,105,107,86,2
Electric,Grass,520,50,65,107,105,107,86,2
Psychic,,580,75,75,130,75,130,95,1
Psychic,,580,80,105,105,105,105,80,1
Psychic,,580,75,125,70,125,70,115,1
Steel,Dragon,680,100,120,120,150,100,90,1
Water,Dragon,680,90,120,100,150,120,100,1
Fire,Steel,600,91,90,106,130,106,77,1
Normal,,670,110,160,110,80,110,100,1
Ghost,Dragon,680,150,100,120,100,120,90,1
Ghost,Dragon,680,150,120,100,120,100,90,1
Psychic,,600,120,70,120,75,130,85,1
Water,,480,80,80,80,80,80,80,3
Water,,600,100,100,100,100,100,100,1
Dark,,600,70,90,90,135,90,125,1
Grass,,600,100,100,100,100,100,100,1
Grass,Flying,600,100,103,75,120,75,127,1
Normal,,720,120,120,120,120,120,120,1
Psychic,Fire,600,100,100,100,100,100,100,1
Grass,,308,45,45,55,45,55,63,5
Grass,,413,60,60,75,60,75,83,4
Grass,,528,75,75,95,75,95,113,2
Fire,,308,65,63,45,45,45,45,4
Fire,Fighting,418,90,93,55,70,55,55,3
Fire,Fighting,528,110,123,65,100,65,65,2
Water,,308,55,55,45,63,45,45,4
Water,,413,75,75,60,83,60,60,3
Water,,528,95,100,85,108,70,70,2
Normal,,255,45,55,39,35,39,42,5
Normal,,420,60,85,69,60,69,77,3
Normal,,275,45,60,45,25,45,55,6
Normal,,370,65,80,65,35,65,60,4
Normal,,500,85,110,90,45,90,80,2
Dark,,281,41,50,37,50,37,66,6
Dark,,446,64,88,50,88,50,106,3
Grass,,316,50,53,48,53,48,64,5
Grass,,498,75,98,63,98,63,101,4
Fire,,316,50,53,48,53,48,64,4
Fire,,498,75,98,63,98,63,101,3
Water,,316,50,53,48,53,48,64,4
Water,,498,75,98,63,98,63,101,3
Psychic,,292,76,25,45,67,55,24,6
Psychic,,487,116,55,85,107,95,29,4
Normal,Flying,264,50,55,50,36,30,43,5
Normal,Flying,358,62,77,62,50,42,65,4
Normal,Flying,488,80,115,80,65,55,93,3
Electric,,295,45,60,32,50,32,76,4
Electric,,497,75,100,63,80,63,116,2
Rock,,280,55,75,85,25,25,15,6
Rock,,390,70,105,105,50,40,20,4
Rock,,515,85,135,130,60,80,25,2
Psychic,Flying,313,55,45,43,55,43,72,5
Psychic,Flying,425,67,57,55,77,55,114,4
Ground,,328,60,85,40,30,45,68,4
Ground,Steel,508,110,135,60,50,65,88,3
Normal,,445,103,60,86,60,86,50,3
Fighting,,305,75,80,55,25,35,35,4
Fighting,,405,85,105,85,40,50,40,3
Fighting,,505,105,140,95,55,65,45,2
Water,,294,50,50,40,50,40,64,5
Water,Ground,384,75,65,55,65,55,69,3
Water,Ground,509,105,95,75,85,75,74,2
Fighting,,465,120,100,85,30,85,45,3
Fighting,,465,75,125,75,30,75,85,3
Bug,Grass,310,45,53,70,40,60,42,6
Bug,Grass,380,55,63,90,50,80,42,6
Bug,Grass,500,75,103,80,70,80,92,4
Bug,Poison,260,30,45,59,30,39,57,6
Bug,Poison,360,40,55,99,40,79,47,4
Bug,Poison,485,60,100,89,55,69,112,3
Grass,Fairy,280,40,27,60,37,50,66,6
Grass,Fairy,480,60,67,85,77,75,116,3
Grass,,280,45,35,50,70,50,30,6
Grass,,480,70,60,75,110,75,90,3
Water,,460,70,92,65,80,55,98,3
Ground,Dark,292,50,72,35,35,35,65,5
Ground,Dark,351,60,82,45,45,45,74,3
Ground,Dark,519,95,117,80,65,70,92,2
Fire,,315,70,90,45,15,45,50,4
Fire,,480,105,140,55,30,55,95,2
Fire,Psychic,540,105,30,105,140,105,55,1
Grass,,461,75,86,67,106,67,60,3
Bug,Rock,325,50,65,85,35,35,55,4
Bug,Rock,475,70,95,125,65,75,45,3
Dark,Fighting,348,50,75,70,35,70,48,4
Dark,Fighting,488,65,90,115,45,115,58,3
Psychic,Flying,490,72,58,80,103,80,97,3
Ghost,,303,38,30,85,55,65,30,4
Ghost,,483,58,50,145,95,105,30,2
Water,Rock,355,54,78,103,53,45,22,4
Water,Rock,495,74,108,133,83,65,32,2
Rock,Flying,401,55,112,45,74,45,70,3
Rock,Flying,567,75,140,65,112,65,110,2
Poison,,329,50,50,62,40,62,65,4
Poison,,474,80,95,82,60,82,75,2
Dark,,330,40,65,40,80,40,65,3
Dark,,510,60,105,60,120,60,105,2
Normal,,300,55,50,40,40,40,75,5
Normal,,470,75,95,60,65,60,115,3
Psychic,,290,45,30,50,55,65,45,6
Psychic,,390,60,45,70,75,85,55,4
Psychic,,490,70,55,95,95,110,65,2
Psychic,,290,45,30,40,105,50,20,6
Psychic,,370,65,40,50,125,60,30,4
Psychic,,490,110,65,75,125,85,30,3
Water,Flying,305,62,44,50,44,50,55,5
Water,Flying,473,75,87,63,87,63,98,3
Ice,,305,36,50,50,65,60,44,5
Ice,,395,51,65,65,80,75,59,3
Ice,,535,71,95,85,110,95,79,2
Normal,Grass,335,60,60,50,40,50,75,4
Normal,Grass,475,80,100,70,60,70,95,3
Electric,Flying,428,55,75,60,75,60,103,4
Bug,,315,50,75,45,40,45,60,5
Bug,Steel,495,70,135,105,60,105,20,3
Grass,Poison,294,69,55,45,55,55,15,6
Grass,Poison,464,114,85,70,85,80,30,3
Water,Ghost,335,55,40,50,65,85,40,5
Water,Ghost,480,100,60,70,85,105,60,3
Water,,470,165,75,80,40,45,65,3
Bug,Electric,319,50,47,50,57,50,65,4
Bug,Electric,472,70,77,60,97,60,108,3
Grass,Steel,305,44,50,91,24,86,10,6
Grass,Steel,489,74,94,131,54,116,20,3
Steel,,300,40,55,70,45,60,30,4
Steel,,440,60,80,95,70,85,50,3
Steel,,520,60,100,115,70,85,90,1
Electric,,275,35,55,40,45,40,60,5
Electric,,405,65,85,70,75,70,40,4
Electric,,515,85,115,80,105,80,50,2
Psychic,,335,55,55,55,85,55,30,4
Psychic,,485,75,75,75,125,95,40,3
Ghost,Fire,275,50,30,55,65,55,20,5
Ghost,Fire,370,60,40,60,95,60,55,4
Ghost,Fire,520,60,55,90,145,90,80,3
Dragon,,320,46,87,60,30,40,57,4
Dragon,,410,66,117,70,40,50,67,3
Dragon,,540,76,147,90,60,70,97,1
Ice,,305,55,70,40,60,40,40,6
Ice,,485,95,110,80,70,80,50,3
Ice,,485,70,50,30,95,135,105,3
Bug,,305,50,40,85,40,65,25,5
Bug,,495,80,70,40,100,60,145,3
Ground,Electric,471,109,66,84,81,99,32,3
Fighting,,350,45,85,50,55,50,65,4
Fighting,,510,65,125,60,95,60,105,2
Dragon,,485,77,120,90,60,90,48,3
Ground,Ghost,303,59,74,50,35,50,35,4
Ground,Ghost,483,89,124,80,55,80,55,2
Dark,Steel,340,45,85,70,40,40,60,4
Dark,Steel,490,65,125,100,60,70,70,2
Normal,,490,95,110,95,40,95,55,2
Normal,Flying,350,70,83,50,37,50,60,4
Normal,Flying,510,100,123,75,57,75,80,2
Dark,Flying,370,70,55,75,45,65,60,4
Dark,Flying,510,110,65,105,55,95,80,1
Fire,,484,85,97,66,105,66,65,2
Bug,Steel,484,58,109,112,48,48,109,2
Dark,Dragon,300,52,65,50,45,50,38,4
Dark,Dragon,420,72,85,70,65,70,58,3
Dark,Dragon,600,92,105,90,125,90,98,2
Bug,Fire,360,55,85,55,50,55,60,4
Bug,Fire,550,85,60,65,135,105,100,1
Steel,Fighting,580,91,90,129,90,72,108,1
Rock,Fighting,580,91,129,90,72,90,108,2
Grass,Fighting,580,91,90,72,90,129,108,1
Flying,,580,79,115,70,125,80,111,1
Flying,,580,79,100,80,110,90,121,1
Electric,Flying,580,79,115,70,125,80,111,1
Electric,Flying,580,79,105,70,145,80,101,1
Dragon,Fire,680,100,120,100,150,120,90,1
Dragon,Electric,680,100,150,120,120,100,90,1
Ground,Flying,600,89,125,90,115,80,101,1
Ground,Flying,600,89,145,90,105,80,91,1
Dragon,Ice,660,125,130,90,130,90,95,1
Dragon,Ice,700,125,170,100,120,90,95,1
Dragon,Ice,700,125,120,90,170,100,95,1
Water,Fighting,580,91,72,90,129,90,108,1
Water,Fighting,580,91,72,90,129,90,108,1
Normal,Psychic,600,100,77,77,128,128,90,1
Normal,Fighting,600,100,128,90,77,77,128,1
Bug,Steel,600,71,120,95,120,95,99,1
Grass,,313,56,61,65,48,45,38,4
Grass,,405,61,78,95,56,58,57,3
Grass,Fighting,530,88,107,122,74,75,64,2
Fire,,307,40,45,40,62,60,60,4
Fire,,409,59,59,58,90,70,73,3
Fire,Psychic,534,75,69,72,114,100,104,2
Water,,314,41,56,40,62,44,71,4
Water,,405,54,63,52,83,56,97,3
Water,Dark,530,72,95,67,103,71,122,1
Normal,,237,38,36,38,32,36,57,6
Normal,Ground,423,85,56,77,50,77,78,4
Normal,Flying,278,45,50,43,40,38,62,5
Fire,Flying,382,62,73,55,56,52,84,4
Fire,Flying,499,78,81,71,74,69,126,2
Bug,,200,38,35,40,27,25,35,6
Bug,,213,45,22,60,27,30,29,5
Bug,Flying,411,80,52,50,90,50,89,3
Fire,Normal,369,62,50,58,73,54,72,4
Fire,Normal,507,86,68,72,109,66,106,2
Fairy,,303,44,38,39,61,79,42,5
Fairy,,371,54,45,47,75,98,52,4
Fairy,,552,78,65,68,112,154,75,1
Grass,,350,66,65,48,62,57,52,4
Grass,,531,123,100,62,97,81,68,2
Fighting,,348,67,82,62,46,48,43,4
Fighting,Dark,495,95,124,78,69,71,58,3
Normal,,472,75,80,60,65,90,102,3
Psychic,,355,62,48,54,63,60,68,5
Psychic,,466,74,48,76,83,81,104,3
Psychic,,466,74,48,76,83,81,104,3
Steel,Ghost,325,45,80,100,35,37,28,4
Steel,Ghost,448,59,110,150,45,49,35,3
Steel,Ghost,520,60,150,50,150,50,60,1
Steel,Ghost,520,60,50,150,50,150,60,1
Fairy,,341,78,52,60,63,65,23,4
Fairy,,462,101,72,72,99,89,29,3
Fairy,,341,62,48,66,59,57,49,4
Fairy,,480,82,80,86,85,75,72,3
Dark,Psychic,288,53,54,53,37,46,45,5
Dark,Psychic,482,86,92,88,68,75,73,4
Rock,Water,306,42,52,67,39,56,50,5
Rock,Water,500,72,105,115,54,86,68,3
Poison,Water,320,50,60,60,60,60,30,5
Poison,Dragon,494,65,75,90,97,123,44,3
Water,,330,50,53,62,58,63,44,4
Water,,500,71,73,88,120,89,59,3
Electric,Normal,289,44,38,33,61,43,70,4
Electric,Normal,481,62,55,52,109,94,109,2
Rock,Dragon,362,58,89,77,45,45,48,4
Rock,Dragon,521,82,121,119,69,59,71,2
Rock,Ice,362,77,59,50,67,63,46,4
Rock,Ice,521,123,77,72,99,92,58,2
Fairy,,525,95,65,65,110,130,60,2
Fighting,Flying,500,78,92,75,74,63,118,2
Electric,Fairy,431,67,58,57,81,67,101,4
Rock,Fairy,500,50,50,150,50,150,50,3
Dragon,,300,45,50,35,55,75,40,5
Dragon,,452,68,75,53,83,113,60,3
Dragon,,600,90,100,70,110,150,80,1
Steel,Fairy,470,57,80,91,80,87,75,3
Ghost,Grass,309,43,70,48,50,60,38,5
Ghost,Grass,474,85,110,76,65,82,56,3
Ghost,Grass,335,49,66,70,44,55,51,4
Ghost,Grass,335,44,66,70,44,55,56,4
Ghost,Grass,335,54,66,70,44,55,46,4
Ghost,Grass,335,59,66,70,44,55,41,4
Ghost,Grass,494,65,90,122,58,75,84,3
Ghost,Grass,494,55,85,122,58,75,99,3
Ghost,Grass,494,75,95,122,58,75,69,3
Ghost,Grass,494,85,100,122,58,75,54,2
Ice,,304,55,69,85,32,35,28,5
Ice,,514,95,117,184,44,46,28,2
Flying,Dragon,245,40,30,35,45,40,55,5
Flying,Dragon,535,85,70,80,97,80,123,2
Fairy,,680,126,131,95,131,98,99,1
Dark,Flying,680,126,131,95,131,98,99,1
Dragon,Ground,600,108,100,121,81,95,95,1
Rock,Fairy,600,50,100,150,100,150,50,1
Psychic,Ghost,600,80,110,60,150,130,70,1
Psychic,Dark,680,80,160,60,170,130,80,1
Fire,Water,600,80,110,120,130,90,70,1
